Name,Link
Cox's Bazar Beach,https://www.google.com/maps/place/Cox%27s+Bazar+Beach/data=!4m7!3m6!1s0x30adc868716d4925:0xcd3ada60adda3a3b!8m2!3d21.4284959!4d91.9701859!16s%2Fm%2F0120xqhf!19sChIJJUltcWjIrTAROzrarWDaOs0?authuser=0&hl=en&rclk=1
লাবণী পয়েন্ট সমুদ্র সৈকত,https://www.google.com/maps/place/%E0%A6%B2%E0%A6%BE%E0%A6%AC%E0%A6%A3%E0%A7%80+%E0%A6%AA%E0%A7%9F%E0%A7%87%E0%A6%A8%E0%A7%8D%E0%A6%9F+%E0%A6%B8%E0%A6%AE%E0%A7%81%E0%A6%A6%E0%A7%8D%E0%A6%B0+%E0%A6%B8%E0%A7%88%E0%A6%95%E0%A6%A4/data=!4m7!3m6!1s0x30adc843b3b3ebe5:0xf243cb1099cfe6c!8m2!3d21.4266995!4d91.9732432!16s%2Fg%2F1jgm4z6zc!19sChIJ5euzs0PIrTARbP6cCbE8JA8?authuser=0&hl=en&rclk=1
Radiant Fish World,https://www.google.com/maps/place/Radiant+Fish+World/data=!4m7!3m6!1s0x30adc9cd2420becf:0xdba645fbeffa85f4!8m2!3d21.4422754!4d91.9699371!16s%2Fg%2F11hyjkk910!19sChIJz74gJM3JrTAR9IX67_tFpts?authuser=0&hl=en&rclk=1
Gol Dighi - গোল দিঘি,https://www.google.com/maps/place/Gol+Dighi+-+%E0%A6%97%E0%A7%8B%E0%A6%B2+%E0%A6%A6%E0%A6%BF%E0%A6%98%E0%A6%BF/data=!4m7!3m6!1s0x30adc9c16f2ed7c1:0x7d804ed50245b4f1!8m2!3d21.4400285!4d91.9796104!16s%2Fg%2F11jpyz5wd8!19sChIJwdcub8HJrTAR8bRFAtVOgH0?authuser=0&hl=en&rclk=1
স্টার ফিস ভাস্কর্য,https://www.google.com/maps/place/%E0%A6%B8%E0%A7%8D%E0%A6%9F%E0%A6%BE%E0%A6%B0+%E0%A6%AB%E0%A6%BF%E0%A6%B8+%E0%A6%AD%E0%A6%BE%E0%A6%B8%E0%A7%8D%E0%A6%95%E0%A6%B0%E0%A7%8D%E0%A6%AF/data=!4m7!3m6!1s0x30adc9436875735d:0x19b387de16590039!8m2!3d21.4435484!4d91.9721287!16s%2Fg%2F11lgwp02qm!19sChIJXXN1aEPJrTAROQBZFt6Hsxk?authuser=0&hl=en&rclk=1
New Bridge 595M Cox’s Bazar,https://www.google.com/maps/place/New+Bridge+595M+Cox%E2%80%99s+Bazar/data=!4m7!3m6!1s0x30adc94d88d53a53:0x641a0b12dce3921d!8m2!3d21.448798!4d91.974741!16s%2Fg%2F11r_gdhcx1!19sChIJUzrViE3JrTARHZLj3BILGmQ?authuser=0&hl=en&rclk=1
Sugondha Sea Beach,https://www.google.com/maps/place/Sugondha+Sea+Beach/data=!4m7!3m6!1s0x30adc9fd5aba2f27:0x445426e39827d27f!8m2!3d21.4209951!4d91.9762583!16s%2Fg%2F11j4wjl5mz!19sChIJJy-6Wv3JrTARf9InmOMmVEQ?authuser=0&hl=en&rclk=1
Shahid Farhad Suvash Gate,https://www.google.com/maps/place/Shahid+Farhad+Suvash+Gate/data=!4m7!3m6!1s0x30adc9107e7dc31b:0xcbe037059415e04!8m2!3d21.4437122!4d91.9737994!16s%2Fg%2F11sh4brzwh!19sChIJG8N9fhDJrTARBF5BWXADvgw?authuser=0&hl=en&rclk=1
Bazar Ghatt Pond,https://www.google.com/maps/place/Bazar+Ghatt+Pond/data=!4m7!3m6!1s0x30adc964123adfd5:0x837b1f098f2e5e21!8m2!3d21.4424015!4d91.9799054!16s%2Fg%2F11pk9l7nvt!19sChIJ1d86EmTJrTARIV4ujwkfe4M?authuser=0&hl=en&rclk=1
Lal Dighi (Pond)/ লাল দিঘী,https://www.google.com/maps/place/Lal+Dighi+%28Pond%29%2F+%E0%A6%B2%E0%A6%BE%E0%A6%B2+%E0%A6%A6%E0%A6%BF%E0%A6%98%E0%A7%80/data=!4m7!3m6!1s0x30adc97e1ee2b41d:0x1b620a5b61d868fc!8m2!3d21.4440233!4d91.9748367!16s%2Fg%2F11rkcyp4wt!19sChIJHbTiHn7JrTAR_GjYYVsKYhs?authuser=0&hl=en&rclk=1
Cox's Bazar Beach,https://www.google.com/maps/place/Cox%27s+Bazar+Beach/data=!4m7!3m6!1s0x30adc7f8ffe9b5d9:0xc985fbd838ec96a4!8m2!3d21.4272283!4d92.0058074!16s%2Fg%2F11stk2nb0z!19sChIJ2bXp__jHrTARpJbsONj7hck?authuser=0&hl=en&rclk=1
Laboni Beach,https://www.google.com/maps/place/Laboni+Beach/data=!4m7!3m6!1s0x30adc86810c154b1:0xc1b04cf2813287f9!8m2!3d21.4293125!4d91.9684297!16s%2Fg%2F1td2q2zq!19sChIJsVTBEGjIrTAR-YcygfJMsME?authuser=0&hl=en&rclk=1
"Kalatoli Beach, Cox's Bazar, Bangladesh","https://www.google.com/maps/place/Kalatoli+Beach,+Cox%27s+Bazar,+Bangladesh/data=!4m7!3m6!1s0x30adc99592645c4d:0x673f54249d0941a!8m2!3d21.4278061!4d91.9782109!16s%2Fg%2F11t9cwb9xk!19sChIJTVxkkpXJrTARGpTQSUL1cwY?authuser=0&hl=en&rclk=1"
Kaium Armany,https://www.google.com/maps/place/Kaium+Armany/data=!4m7!3m6!1s0x30adc9ba5f51c91f:0x692f622361dbbd2b!8m2!3d21.4433009!4d91.9720137!16s%2Fg%2F11t6l00sfj!19sChIJH8lRX7rJrTARK73bYSNiL2k?authuser=0&hl=en&rclk=1
Bakkhali New Bridge,https://www.google.com/maps/place/Bakkhali+New+Bridge/data=!4m7!3m6!1s0x30adc9c695ad24c7:0x951ad09a60fd8406!8m2!3d21.451969!4d91.9750131!16s%2Fg%2F11sqkrl1ks!19sChIJxyStlcbJrTARBoT9YJrQGpU?authuser=0&hl=en&rclk=1
